FIPS,STATE,COUNTY,RANK_UNFILTERED,RANK_NDAY_LOCAL,RANK_PLURALITY_LOCAL,RANK_NDAY_NONLOCAL,RANK_PLURALITY_NONLOCAL
8097,Colorado,Pitkin,1,2,2,3,11
53057,Washington,Skagit,2,1,1,503,293
41007,Oregon,Clatsop,3,25,11,2,1
12131,Florida,Walton,4,47,6,1,2
8037,Colorado,Eagle,5,3,16,32,6
6041,California,Marin,6,12,12,4,26
37101,North Carolina,Johnston,7,4,3,428,994
41017,Oregon,Deschutes,8,5,25,41,4
35049,New Mexico,Santa Fe,9,9,32,38,13
37055,North Carolina,Dare,10,15,7,39,94
36061,New York,New York,11,11,8,14,72
36107,New York,Tioga,12,8,5,138,432
8117,Colorado,Summit,13,36,21,22,47
33003,New Hampshire,Carroll,14,26,19,17,24
13143,Georgia,Haralson,15,7,4,648,739
54035,West Virginia,Jackson,16,10,9,282,117
48497,Texas,Wise,17,6,10,527,450
29213,Missouri,Taney,18,58,35,16,33
32005,Nevada,Douglas,19,64,20,43,116
24047,Maryland,Worcester,20,190,53,13,46
6079,California,San Luis Obispo,21,30,26,26,48
25001,Massachusetts,Barnstable,22,62,38,10,39
49043,Utah,Summit,23,68,36,5,53
48053,Texas,Burnet,24,14,233,131,14
4017,Arizona,Navajo,25,34,13,34,668
29187,Missouri,St. Francois,26,17,15,217,873
17105,Illinois,Livingston,27,13,14,1037,1018
6055,California,Napa,28,57,61,20,17
30031,Montana,Gallatin,29,37,31,47,57
38049,North Dakota,McHenry,30,20,18,1260,1245
47187,Tennessee,Williamson,31,32,27,56,173
21037,Kentucky,Campbell,32,83,48,9,91
29077,Missouri,Greene,33,21,22,171,130
5145,Arkansas,White,34,18,23,240,189
29071,Missouri,Franklin,35,16,54,432,122
30111,Montana,Yellowstone,36,19,50,245,23
12005,Florida,Bay,37,140,77,11,10
37021,North Carolina,Buncombe,38,53,37,25,84
36031,New York,Essex,39,154,69,8,22
47155,Tennessee,Sevier,40,146,40,45,223
5131,Arkansas,Sebastian,41,22,308,266,8
55117,Wisconsin,Sheboygan,42,51,41,44,34
45013,South Carolina,Beaufort,43,72,71,53,55
29165,Missouri,Platte,44,24,29,224,339
50023,Vermont,Washington,45,66,103,36,18
8014,Colorado,Broomfield,46,29,17,162,618
6097,California,Sonoma,47,52,97,23,25
36113,New York,Warren,48,238,95,12,101
37171,North Carolina,Surry,49,31,30,150,242
5007,Arkansas,Benton,50,41,59,65,63
12089,Florida,Nassau,51,27,28,369,342
34017,New Jersey,Hudson,52,90,135,28,80
6057,California,Nevada,53,101,57,21,140
8069,Colorado,Larimer,54,56,49,50,75
6017,California,El Dorado,55,132,91,24,37
55111,Wisconsin,Sauk,56,137,87,54,155
31001,Nebraska,Adams,57,23,24,1076,1151
47031,Tennessee,Coffee,58,183,166,60,58
41041,Oregon,Lincoln,59,181,144,19,19
20091,Kansas,Johnson,60,42,47,197,271
29043,Missouri,Christian,61,35,42,521,351
48221,Texas,Hood,62,33,55,483,200
50007,Vermont,Chittenden,63,61,67,101,64
5143,Arkansas,Washington,64,54,46,127,292
55109,Wisconsin,St. Croix,65,122,88,59,167
12095,Florida,Orange,66,130,66,61,148
16055,Idaho,Kootenai,67,50,68,209,133
40123,Oklahoma,Pontotoc,68,44,93,322,15
21125,Kentucky,Laurel,69,28,34,719,776
37089,North Carolina,Henderson,70,76,129,76,65
33001,New Hampshire,Belknap,71,228,116,27,112
23005,Maine,Cumberland,72,70,72,78,104
37135,North Carolina,Orange,73,73,85,100,147
8035,Colorado,Douglas,74,65,51,107,350
27171,Minnesota,Wright,75,43,33,401,900
8013,Colorado,Boulder,76,99,84,49,119
36047,New York,Kings,77,69,89,106,132
23019,Maine,Penobscot,78,45,83,415,92
6059,California,Orange,79,77,80,73,111
47037,Tennessee,Davidson,80,91,73,71,191
47073,Tennessee,Hawkins,81,48,45,338,602
35045,New Mexico,San Juan,82,38,194,677,7
34019,New Jersey,Hunterdon,83,192,118,46,240
6081,California,San Mateo,84,114,174,82,106
27131,Minnesota,Rice,85,80,65,130,434
47089,Tennessee,Jefferson,86,179,52,40,656
55087,Wisconsin,Outagamie,87,74,81,144,305
13113,Georgia,Fayette,88,39,43,756,933
31019,Nebraska,Buffalo,89,60,58,315,549
39037,Ohio,Darke,90,46,70,654,322
47003,Tennessee,Bedford,91,55,44,468,1044
27053,Minnesota,Hennepin,92,78,90,174,257
23031,Maine,York,93,188,210,15,30
37037,North Carolina,Chatham,94,148,179,75,129
39041,Ohio,Delaware,95,113,75,112,628
21019,Kentucky,Boyd,96,85,60,227,676
49005,Utah,Cache,97,88,76,109,163
26055,Michigan,Grand Traverse,98,198,146,33,68
51775,Virginia,Salem,99,115,107,62,360
53063,Washington,Spokane,100,84,100,164,85
55089,Wisconsin,Ozaukee,101,96,64,133,674
1043,Alabama,Cullman,102,82,63,243,727
53033,Washington,King,103,112,98,85,134
8059,Colorado,Jefferson,104,163,155,55,125
8067,Colorado,La Plata,105,121,138,125,38
18057,Indiana,Hamilton,106,104,114,117,197
53037,Washington,Kittitas,107,59,325,569,29
6083,California,Santa Barbara,108,139,141,58,27
36091,New York,Saratoga,109,124,79,104,589
49053,Utah,Washington,110,164,122,64,76
18023,Indiana,Clinton,111,75,62,410,909
27019,Minnesota,Carver,112,125,108,103,281
5051,Arkansas,Garland,113,247,270,31,49
21199,Kentucky,Pulaski,114,63,74,541,794
50021,Vermont,Rutland,115,143,145,29,60
6033,California,Lake,116,107,198,105,214
13117,Georgia,Forsyth,117,129,56,88,1034
16065,Idaho,Madison,118,81,82,340,251
23011,Maine,Kennebec,119,116,250,178,62
47011,Tennessee,Bradley,120,100,101,153,195
49049,Utah,Utah,121,97,94,213,258
12061,Florida,Indian River,122,92,197,336,21
4005,Arizona,Coconino,123,184,151,68,44
55035,Wisconsin,Eau Claire,124,120,128,193,211
51013,Virginia,Arlington,125,93,119,380,670
6109,California,Tuolumne,126,233,237,18,36
39135,Ohio,Preble,127,49,78,901,841
30063,Montana,Missoula,128,108,178,269,61
36095,New York,Schoharie,129,67,92,923,423
51107,Virginia,Loudoun,130,123,180,247,174
44001,Rhode Island,Bristol,131,134,143,77,253
47045,Tennessee,Dyer,132,110,39,212,1103
56025,Wyoming,Natrona,133,40,104,831,457
41071,Oregon,Yamhill,134,168,161,91,82
13047,Georgia,Catoosa,135,98,139,362,331
47179,Tennessee,Washington,136,105,105,255,510
49021,Utah,Iron,137,106,96,241,565
13187,Georgia,Lumpkin,138,145,121,142,355
6075,California,San Francisco,139,309,188,30,87
20177,Kansas,Shawnee,140,102,111,330,395
27137,Minnesota,St. Louis,141,128,134,211,102
53073,Washington,Whatcom,142,127,115,191,210
47141,Tennessee,Putnam,143,131,117,160,231
55025,Wisconsin,Dane,144,138,157,145,74
4001,Arizona,Apache,145,165,165,152,216
27163,Minnesota,Washington,146,155,123,96,495
30013,Montana,Cascade,147,86,120,590,152
29097,Missouri,Jasper,148,79,337,775,9
6073,California,San Diego,149,151,132,94,71
45051,South Carolina,Horry,150,492,281,7,12
11001,District Of Columbia,District of Columbia,151,152,126,198,453
1049,Alabama,DeKalb,152,109,86,325,976
48367,Texas,Parker,153,103,102,437,772
39159,Ohio,Union,154,149,147,237,314
4025,Arizona,Yavapai,155,224,220,80,137
18065,Indiana,Henry,156,118,124,385,531
21083,Kentucky,Graves,157,89,136,788,184
33015,New Hampshire,Rockingham,158,204,182,57,171
29095,Missouri,Jackson,159,156,159,175,153
36003,New York,Allegany,160,291,99,67,857
42033,Pennsylvania,Clearfield,161,95,190,600,177
29189,Missouri,St. Louis,162,657,824,610,172
55133,Wisconsin,Waukesha,163,172,109,158,809
51095,Virginia,James City,164,244,221,110,154
25011,Massachusetts,Franklin,165,246,160,108,482
42017,Pennsylvania,Bucks,166,119,112,436,765
55097,Wisconsin,Portage,167,126,125,449,533
5033,Arkansas,Crawford,168,71,130,783,562
48091,Texas,Comal,169,252,274,185,424
4015,Arizona,Mohave,170,314,360,69,88
36039,New York,Greene,171,545,341,37,90
6087,California,Santa Cruz,172,295,257,42,20
56001,Wyoming,Albany,173,162,106,154,936
21113,Kentucky,Jessamine,174,153,127,216,762
44005,Rhode Island,Newport,175,602,369,6,16
40119,Oklahoma,Payne,176,142,133,387,532
13313,Georgia,Whitfield,177,94,173,752,501
26005,Michigan,Allegan,178,186,171,303,556
19033,Iowa,Cerro Gordo,179,169,177,180,353
47165,Tennessee,Sumner,180,144,168,373,273
53071,Washington,Walla Walla,181,211,229,134,182
6023,California,Humboldt,182,157,358,250,5
18157,Indiana,Tippecanoe,183,166,164,236,183
18011,Indiana,Boone,184,133,110,552,940
29047,Missouri,Clay,185,178,152,195,490
36109,New York,Tompkins,186,158,137,335,693
37189,North Carolina,Watauga,187,249,201,63,69
6089,California,Shasta,188,141,170,495,341
21059,Kentucky,Daviess,189,111,150,803,472
45077,South Carolina,Pickens,190,167,149,304,625
55073,Wisconsin,Marathon,191,199,192,119,246
21043,Kentucky,Carter,192,150,153,450,218
16001,Idaho,Ada,193,147,162,433,107
25003,Massachusetts,Berkshire,194,194,216,259,318
31053,Nebraska,Dodge,195,136,200,562,166
12055,Florida,Highlands,196,307,466,35,31
45019,South Carolina,Charleston,197,297,299,74,151
55009,Wisconsin,Brown,198,257,204,99,188
18069,Indiana,Huntington,199,193,212,184,227
20155,Kansas,Reno,200,135,131,630,926
37161,North Carolina,Rutherford,201,160,249,323,51
12021,Florida,Collier,202,229,262,113,59
37179,North Carolina,Union,203,171,175,305,245
6061,California,Placer,204,197,289,192,109
27169,Minnesota,Winona,205,174,148,337,725
1115,Alabama,St. Clair,206,394,218,124,421
48397,Texas,Rockwall,207,170,142,368,872
27035,Minnesota,Crow Wing,208,449,354,81,79
38035,North Dakota,Grand Forks,209,159,163,416,486
42001,Pennsylvania,Adams,210,201,214,228,294
5125,Arkansas,Saline,211,177,184,358,406
48365,Texas,Panola,212,117,113,1035,1148
18061,Indiana,Harrison,213,203,594,115,52
36021,New York,Columbia,214,352,238,72,285
54051,West Virginia,Marshall,215,298,176,151,750
47163,Tennessee,Sullivan,216,206,300,196,160
13219,Georgia,Oconee,217,275,422,155,286
36079,New York,Putnam,218,353,156,89,822
41005,Oregon,Clackamas,219,202,207,222,373
32003,Nevada,Clark,220,393,254,92,95
21015,Kentucky,Boone,221,185,181,399,703
51680,Virginia,Lynchburg,222,226,209,128,205
48453,Texas,Travis,223,259,215,149,212
36081,New York,Queens,224,284,328,206,280
18109,Indiana,Morgan,225,212,377,345,181
27109,Minnesota,Olmsted,226,217,243,280,234
1117,Alabama,Shelby,227,251,276,246,272
26111,Michigan,Midland,228,225,191,190,567
37019,North Carolina,Brunswick,229,651,410,52,126
6037,California,Los Angeles,230,205,187,249,157
47189,Tennessee,Wilson,231,173,169,566,719
35035,New Mexico,Otero,232,253,313,288,275
29099,Missouri,Jefferson,233,191,312,414,54
46099,South Dakota,Minnehaha,234,176,158,543,889
18173,Indiana,Warrick,235,187,189,477,631
37151,North Carolina,Randolph,236,213,272,376,98
21205,Kentucky,Rowan,237,175,154,526,882
44009,Rhode Island,Washington,238,283,227,187,431
21209,Kentucky,Scott,239,269,389,230,259
46027,South Dakota,Clay,240,182,167,536,733
53007,Washington,Chelan,241,317,471,165,86
38015,North Dakota,Burleigh,242,87,236,1109,677
20111,Kansas,Lyon,243,219,186,258,367
48309,Texas,McLennan,244,280,248,161,161
27123,Minnesota,Ramsey,245,288,318,188,277
51630,Virginia,Fredericksburg,246,180,458,605,445
46011,South Dakota,Brookings,247,230,172,268,682
16057,Idaho,Latah,248,256,307,239,110
51121,Virginia,Montgomery,249,274,206,167,559
47009,Tennessee,Blount,250,334,247,135,539
21101,Kentucky,Henderson,251,200,217,485,392
37183,North Carolina,Wake,252,223,259,289,103
36101,New York,Steuben,253,336,340,176,135
5031,Arkansas,Craighead,254,196,199,499,561
45021,South Carolina,Cherokee,255,189,298,588,441
26103,Michigan,Marquette,256,210,222,467,279
26117,Michigan,Montcalm,257,327,140,252,1073
37027,North Carolina,Caldwell,258,207,310,442,296
31109,Nebraska,Lancaster,259,243,213,256,201
33009,New Hampshire,Grafton,260,389,314,98,121
54081,West Virginia,Raleigh,261,161,294,776,313
25017,Massachusetts,Middlesex,262,282,271,202,408
42027,Pennsylvania,Centre,263,281,223,205,398
45073,South Carolina,Oconee,264,409,473,118,226
12053,Florida,Hernando,265,208,361,482,113
51015,Virginia,Augusta,266,221,211,458,797
5085,Arkansas,Lonoke,267,240,234,334,708
51510,Virginia,Alexandria,268,245,333,444,650
12001,Florida,Alachua,269,218,245,489,349
21193,Kentucky,Perry,270,265,232,148,220
12119,Florida,Sumter,271,293,356,434,726
51019,Virginia,Bedford,272,421,183,102,953
37001,North Carolina,Alamance,273,271,269,290,379
47093,Tennessee,Knox,274,261,224,235,295
18183,Indiana,Whitley,275,209,208,525,465
17111,Illinois,McHenry,276,250,296,351,225
35043,New Mexico,Sandoval,277,242,268,391,388
12071,Florida,Lee,278,216,302,511,43
13121,Georgia,Fulton,279,266,323,312,269
47019,Tennessee,Carter,280,231,366,356,136
12099,Florida,Palm Beach,281,301,316,215,97
6085,California,Santa Clara,282,344,315,123,114
39025,Ohio,Clermont,283,214,195,512,876
42069,Pennsylvania,Lackawanna,284,300,277,214,364
17043,Illinois,DuPage,285,278,267,319,636
47021,Tennessee,Cheatham,286,405,402,83,261
51840,Virginia,Winchester,287,272,499,366,291
53015,Washington,Cowlitz,288,521,219,116,793
39123,Ohio,Ottawa,289,215,193,494,902
19049,Iowa,Dallas,290,471,335,139,699
8031,Colorado,Denver,291,417,439,147,236
55139,Wisconsin,Winnebago,292,241,255,454,493
26139,Michigan,Ottawa,293,328,239,163,382
29019,Missouri,Boone,294,262,235,339,276
51540,Virginia,Charlottesville,295,478,496,87,185
1077,Alabama,Lauderdale,296,276,205,114,805
33005,New Hampshire,Cheshire,297,335,230,126,623
38017,North Dakota,Cass,298,270,260,343,391
18145,Indiana,Shelby,299,308,275,279,645
27037,Minnesota,Dakota,300,279,291,313,375
55127,Wisconsin,Walworth,301,539,362,66,418
51171,Virginia,Shenandoah,302,377,322,238,437
36115,New York,Washington,303,234,317,568,264
41039,Oregon,Lane,304,232,256,528,176
26057,Michigan,Gratiot,305,319,244,291,788
20161,Kansas,Riley,306,294,242,342,478
25015,Massachusetts,Hampshire,307,303,266,293,574
39083,Ohio,Knox,308,363,297,179,454
27007,Minnesota,Beltrami,309,268,301,440,289
28121,Mississippi,Rankin,310,263,261,531,813
13277,Georgia,Tift,311,236,378,613,461
55033,Wisconsin,Dunn,312,350,264,200,540
41043,Oregon,Linn,313,318,287,310,644
27027,Minnesota,Clay,314,239,285,612,737
9005,Connecticut,Litchfield,315,356,303,181,377
21227,Kentucky,Warren,316,227,231,642,622
40131,Oklahoma,Rogers,317,255,251,492,696
19103,Iowa,Johnson,318,310,252,317,613
18107,Indiana,Montgomery,319,402,352,129,266
51660,Virginia,Harrisonburg,320,321,253,267,759
48181,Texas,Grayson,321,290,280,306,378
47183,Tennessee,Weakley,322,304,196,208,1064
40109,Oklahoma,Oklahoma,323,258,347,523,168
6001,California,Alameda,324,320,329,348,357
26093,Michigan,Livingston,325,273,202,533,1045
49045,Utah,Tooele,326,329,228,469,913
37057,North Carolina,Davidson,327,277,265,496,710
20045,Kansas,Douglas,328,326,258,225,348
51159,Virginia,Richmond,329,323,350,314,333
42079,Pennsylvania,Luzerne,330,220,292,829,317
42003,Pennsylvania,Allegheny,331,342,295,272,316
47147,Tennessee,Robertson,332,388,326,229,603
19169,Iowa,Story,333,325,246,299,681
21185,Kentucky,Oldham,334,332,332,438,467
13129,Georgia,Gordon,335,285,319,597,775
41003,Oregon,Benton,336,316,273,359,504
40039,Oklahoma,Custer,337,338,241,168,840
6111,California,Ventura,338,339,345,301,108
33011,New Hampshire,Hillsborough,339,330,306,404,605
54009,West Virginia,Brooke,340,235,344,763,430
21067,Kentucky,Fayette,341,365,355,275,175
13057,Georgia,Cherokee,342,337,226,261,1008
21121,Kentucky,Knox,343,313,418,481,83
51810,Virginia,Virginia Beach,344,429,375,173,192
47107,Tennessee,McMinn,345,299,203,570,1123
37109,North Carolina,Lincoln,346,292,450,594,162
13139,Georgia,Hall,347,453,525,141,93
24013,Maryland,Carroll,348,372,327,311,483
49011,Utah,Davis,349,287,286,591,599
55039,Wisconsin,Fond du Lac,350,237,555,793,149
18051,Indiana,Gibson,351,312,371,510,476
21217,Kentucky,Taylor,352,378,283,218,597
42039,Pennsylvania,Crawford,353,364,284,346,736
34029,New Jersey,Ocean,354,371,415,257,164
17095,Illinois,Knox,355,222,240,958,991
53005,Washington,Benton,356,248,348,808,215
17007,Illinois,Boone,357,302,293,624,897
34037,New Jersey,Sussex,358,494,447,93,260
12083,Florida,Marion,359,351,472,413,146
18081,Indiana,Johnson,360,331,387,423,312
12057,Florida,Hillsborough,361,359,368,384,207
20009,Kansas,Barton,362,360,357,278,330
53029,Washington,Island,363,375,386,529,606
37045,North Carolina,Cleveland,364,322,404,470,165
37099,North Carolina,Jackson,365,510,395,51,89
8123,Colorado,Weld,366,286,263,713,935
39101,Ohio,Marion,367,385,399,332,568
48183,Texas,Gregg,368,333,279,493,974
40147,Oklahoma,Washington,369,195,338,1060,380
18105,Indiana,Monroe,370,414,304,169,573
18071,Indiana,Jackson,371,382,353,393,707
26161,Michigan,Washtenaw,372,379,320,326,572
40049,Oklahoma,Garvin,373,324,388,583,456
37025,North Carolina,Cabarrus,374,412,385,297,571
32031,Nevada,Washoe,375,370,365,396,100
47145,Tennessee,Roane,376,311,370,667,345
26107,Michigan,Mecosta,377,343,309,452,396
42061,Pennsylvania,Huntingdon,378,384,311,420,585
48441,Texas,Taylor,379,392,380,294,237
27145,Minnesota,Stearns,380,361,396,447,400
42029,Pennsylvania,Chester,381,357,321,486,705
37023,North Carolina,Burke,382,509,598,199,187
4013,Arizona,Maricopa,383,348,324,478,139
37097,North Carolina,Iredell,384,404,408,292,203
36051,New York,Livingston,385,459,391,120,386
9013,Connecticut,Tolland,386,434,278,253,971
45045,South Carolina,Greenville,387,425,538,329,123
12103,Florida,Pinellas,388,463,475,170,78
36009,New York,Cattaraugus,389,447,392,220,337
36059,New York,Nassau,390,431,416,204,385
20059,Kansas,Franklin,391,260,409,903,384
18151,Indiana,Steuben,392,400,461,390,308
47043,Tennessee,Dickson,393,267,339,902,397
13029,Georgia,Bryan,394,383,364,425,686
42095,Pennsylvania,Northampton,395,419,379,263,340
31079,Nebraska,Hall,396,355,433,603,419
25021,Massachusetts,Norfolk,397,407,367,406,864
5045,Arkansas,Faulkner,398,305,282,778,931
12117,Florida,Seminole,399,345,351,599,680
49035,Utah,Salt Lake,400,403,397,367,115
51003,Virginia,Albemarle,401,573,549,177,363
47117,Tennessee,Marshall,402,264,330,921,475
12017,Florida,Citrus,403,380,672,487,28
48303,Texas,Lubbock,404,369,474,443,41
28045,Mississippi,Hancock,405,418,225,331,1150
37167,North Carolina,Stanly,406,366,429,634,580
17167,Illinois,Sangamon,407,358,460,617,180
42129,Pennsylvania,Westmoreland,408,374,390,586,624
36075,New York,Oswego,409,306,349,835,553
55063,Wisconsin,La Crosse,410,457,342,140,327
39009,Ohio,Athens,411,373,305,501,782
33013,New Hampshire,Merrimack,412,569,517,84,399
12085,Florida,Martin,413,442,506,418,325
48041,Texas,Brazos,414,387,363,524,442
29183,Missouri,St. Charles,415,347,359,728,509
37085,North Carolina,Harnett,416,315,290,885,1038
37119,North Carolina,Mecklenburg,417,454,463,321,221
53041,Washington,Lewis,418,368,430,660,545
26081,Michigan,Kent,419,411,421,412,224
51147,Virginia,Prince Edward,420,484,373,137,169
48147,Texas,Fannin,421,396,431,513,582
24021,Maryland,Frederick,422,433,498,409,204
41029,Oregon,Jackson,423,395,411,551,178
53067,Washington,Thurston,424,399,580,534,32
47105,Tennessee,Loudon,425,467,451,484,673
12109,Florida,St. Johns,426,574,539,97,170
42071,Pennsylvania,Lancaster,427,422,424,403,186
42019,Pennsylvania,Butler,428,427,384,411,659
1009,Alabama,Blount,429,349,382,800,661
47119,Tennessee,Maury,430,406,394,392,766
53061,Washington,Snohomish,431,391,476,587,35
42091,Pennsylvania,Montgomery,432,470,465,347,723
48491,Texas,Williamson,433,456,487,377,402
26021,Michigan,Berrien,434,519,483,251,401
12081,Florida,Manatee,435,415,426,577,524
39055,Ohio,Geauga,436,561,481,136,494
39103,Ohio,Medina,437,435,336,405,1010
51790,Virginia,Staunton,438,458,513,394,469
29147,Missouri,Nodaway,439,439,346,271,526
35031,New Mexico,McKinley,440,451,589,498,411
39165,Ohio,Warren,441,587,515,189,619
13115,Georgia,Floyd,442,430,414,535,852
31153,Nebraska,Sarpy,443,501,383,352,986
35017,New Mexico,Grant,444,340,436,962,336
34027,New Jersey,Morris,445,506,372,283,1000
6103,California,Tehama,446,254,457,1114,804
17097,Illinois,Lake,447,505,562,281,145
48085,Texas,Collin,448,455,485,463,362
8041,Colorado,El Paso,449,462,488,538,42
27139,Minnesota,Scott,450,615,551,111,439
1069,Alabama,Houston,451,508,546,298,250
21035,Kentucky,Calloway,452,401,343,658,884
21195,Kentucky,Pike,453,341,445,933,338
33017,New Hampshire,Strafford,454,460,406,439,718
19163,Iowa,Scott,455,428,491,614,374
46103,South Dakota,Pennington,456,624,459,234,546
51067,Virginia,Franklin,457,543,510,471,190
21145,Kentucky,McCracken,458,424,608,628,159
1081,Alabama,Lee,459,475,376,445,881
41067,Oregon,Washington,460,461,464,465,394
54019,West Virginia,Fayette,461,578,747,231,96
34025,New Jersey,Monmouth,462,452,479,448,326
8101,Colorado,Pueblo,463,367,405,904,588
29037,Missouri,Cass,464,408,443,762,653
42133,Pennsylvania,York,465,423,444,589,332
20103,Kansas,Leavenworth,466,432,432,549,724
37153,North Carolina,Richmond,467,362,679,908,73
27141,Minnesota,Sherburne,468,464,407,504,952
17099,Illinois,LaSalle,469,443,520,636,563
39001,Ohio,Adams,470,416,398,678,290
53075,Washington,Whitman,471,381,331,880,1106
55043,Wisconsin,Grant,472,476,419,441,683
47149,Tennessee,Rutherford,473,489,427,270,492
29219,Missouri,Warren,474,410,428,747,548
54055,West Virginia,Mercer,475,296,288,1123,1193
37169,North Carolina,Stokes,476,485,401,466,928
48381,Texas,Randall,477,398,400,836,927
1089,Alabama,Madison,478,420,420,741,481
17075,Illinois,Iroquois,479,289,185,1184,1255
17199,Illinois,Williamson,480,438,519,711,415
21235,Kentucky,Whitley,481,591,417,349,921
29031,Missouri,Cape Girardeau,482,495,435,308,570
42055,Pennsylvania,Franklin,483,437,500,700,537
47059,Tennessee,Greene,484,502,448,194,843
18029,Indiana,Dearborn,485,448,374,720,1062
1095,Alabama,Marshall,486,397,413,868,757
1003,Alabama,Baldwin,487,642,655,223,120
17133,Illinois,Monroe,488,436,393,601,887
28105,Mississippi,Oktibbeha,489,529,412,284,601
12009,Florida,Brevard,490,514,544,386,144
39149,Ohio,Shelby,491,609,558,302,643
55055,Wisconsin,Jefferson,492,542,572,461,583
17113,Illinois,McLean,493,465,452,691,690
20037,Kansas,Crawford,494,491,437,397,233
48467,Texas,Van Zandt,495,354,425,1003,983
18005,Indiana,Bartholomew,496,680,657,210,324
1113,Alabama,Russell,497,479,547,615,678
48007,Texas,Aransas,498,536,532,265,738
36037,New York,Genesee,499,617,455,260,892
40013,Oklahoma,Bryan,500,413,512,879,413
13299,Georgia,Ware,501,346,456,1059,786
54049,West Virginia,Marion,502,474,403,701,997
48375,Texas,Potter,503,481,778,687,541
9007,Connecticut,Middlesex,504,620,628,307,479
31055,Nebraska,Douglas,505,472,484,593,282
51085,Virginia,Hanover,506,532,454,542,922
42025,Pennsylvania,Carbon,507,743,757,371,447
39161,Ohio,Van Wert,508,444,381,710,1113
16027,Idaho,Canyon,509,440,478,816,506
6053,California,Monterey,510,706,703,86,40
42013,Pennsylvania,Blair,511,445,467,801,665
49057,Utah,Weber,512,500,469,546,728
36027,New York,Dutchess,513,584,462,201,770
18063,Indiana,Hendricks,514,544,490,383,795
51087,Virginia,Henrico,515,538,627,475,639
17031,Illinois,Cook,516,527,522,426,219
40087,Oklahoma,McClain,517,604,550,476,951
24027,Maryland,Howard,518,639,617,286,516
40143,Oklahoma,Tulsa,519,517,543,517,515
23001,Maine,Androscoggin,520,708,567,207,489
40027,Oklahoma,Cleveland,521,483,441,661,919
26125,Michigan,Oakland,522,487,493,675,837
37013,North Carolina,Beaufort,523,473,477,734,523
12086,Florida,Miami-Dade,524,512,531,556,256
20051,Kansas,Ellis,525,504,480,382,335
39087,Ohio,Lawrence,526,525,541,500,667
37031,North Carolina,Carteret,527,783,660,90,304
22063,Louisiana,Livingston,528,390,334,1111,1227
51069,Virginia,Frederick,529,498,505,715,802
9001,Connecticut,Fairfield,530,533,582,456,254
55131,Wisconsin,Washington,531,550,554,378,844
6067,California,Sacramento,532,488,559,682,267
21071,Kentucky,Floyd,533,493,511,641,785
39129,Ohio,Pickaway,534,386,438,1039,1025
24045,Maryland,Wicomico,535,482,446,726,1006
42121,Pennsylvania,Venango,536,466,640,865,468
39141,Ohio,Ross,537,486,504,707,816
12115,Florida,Sarasota,538,769,697,70,105
41053,Oregon,Polk,539,450,449,942,947
1103,Alabama,Morgan,540,477,423,802,1070
54003,West Virginia,Berkeley,541,468,507,875,880
24031,Maryland,Montgomery,542,520,636,665,412
36007,New York,Broome,543,679,584,143,358
13059,Georgia,Clarke,544,507,605,761,300
55071,Wisconsin,Manitowoc,545,557,621,553,179
37129,North Carolina,New Hanover,546,554,556,431,315
48121,Texas,Denton,547,515,497,652,791
51161,Virginia,Roanoke,548,426,453,424,592
39017,Ohio,Butler,549,555,524,490,672
39107,Ohio,Mercer,550,528,442,435,1069
42077,Pennsylvania,Lehigh,551,621,625,296,488
12011,Florida,Broward,552,552,590,565,376
40017,Oklahoma,Canadian,553,523,622,647,528
39157,Ohio,Tuscarawas,554,563,468,244,886
21111,Kentucky,Jefferson,555,612,585,300,194
48049,Texas,Brown,556,614,581,233,127
19061,Iowa,Dubuque,557,572,542,327,387
27003,Minnesota,Anoka,558,559,535,462,640
36087,New York,Rockland,559,744,650,221,575
41011,Oregon,Coos,560,701,612,159,199
19113,Iowa,Linn,561,376,560,1163,319
21179,Kentucky,Nelson,562,600,492,361,944
19153,Iowa,Polk,563,537,552,602,451
22015,Louisiana,Bossier,564,588,553,522,975
25025,Massachusetts,Suffolk,565,821,732,79,262
27013,Minnesota,Blue Earth,566,546,486,579,712
18043,Indiana,Floyd,567,469,494,1015,1003
36105,New York,Sullivan,568,879,848,122,156
41047,Oregon,Marion,569,541,579,555,229
34021,New Jersey,Mercer,570,585,565,539,830
18141,Indiana,St. Joseph,571,567,592,540,404
48463,Texas,Uvalde,572,646,574,166,347
48449,Texas,Titus,573,480,470,934,1055
36077,New York,Otsego,574,652,569,203,508
40135,Oklahoma,Sequoyah,575,628,570,453,833
29101,Missouri,Johnson,576,490,482,900,855
42031,Pennsylvania,Clarion,577,641,521,320,701
54069,West Virginia,Ohio,578,534,577,671,652
17063,Illinois,Grundy,579,497,503,886,1079
39049,Ohio,Franklin,580,560,563,537,329
12073,Florida,Leon,581,566,518,506,715
5027,Arkansas,Columbia,582,518,495,795,865
12069,Florida,Lake,583,592,631,626,522
39097,Ohio,Madison,584,607,528,664,1065
17093,Illinois,Kendall,585,516,489,851,1050
18019,Indiana,Clark,586,530,534,773,995
42083,Pennsylvania,McKean,587,575,440,457,1199
27111,Minnesota,Otter Tail,588,499,537,913,964
18053,Indiana,Grant,589,524,696,857,67
44003,Rhode Island,Kent,590,568,561,662,903
1127,Alabama,Walker,591,441,527,1105,925
42011,Pennsylvania,Berks,592,579,600,497,278
36111,New York,Ulster,593,816,702,121,343
47065,Tennessee,Hamilton,594,653,633,374,356
13051,Georgia,Chatham,595,684,687,407,297
12113,Florida,Santa Rosa,596,535,566,766,695
6013,California,Contra Costa,597,564,614,638,428
36093,New York,Schenectady,598,589,575,508,714
26015,Michigan,Barry,599,711,434,372,1197
6045,California,Mendocino,600,590,674,395,45
39063,Ohio,Hancock,601,549,540,745,1036
19013,Iowa,Black Hawk,602,496,526,987,948
26067,Michigan,Ionia,603,548,514,825,1093
48209,Texas,Hays,604,577,545,596,807
36119,New York,Westchester,605,661,588,402,867
39167,Ohio,Washington,606,570,587,740,823
26073,Michigan,Isabella,607,580,502,507,942
48339,Texas,Montgomery,608,583,593,705,910
12097,Florida,Osceola,609,896,825,274,263
1015,Alabama,Calhoun,610,531,578,872,393
54083,West Virginia,Randolph,611,522,595,941,321
42111,Pennsylvania,Somerset,612,697,637,363,746
48143,Texas,Erath,613,551,536,768,789
18169,Indiana,Wabash,614,596,613,685,657
51165,Virginia,Rockingham,615,730,645,182,621
18073,Indiana,Jasper,616,558,523,811,1100
35041,New Mexico,Roosevelt,617,547,529,777,958
19181,Iowa,Warren,618,660,668,344,685
47053,Tennessee,Gibson,619,511,611,1018,284
37125,North Carolina,Moore,620,705,676,375,460
48323,Texas,Maverick,621,724,516,563,1102
13067,Georgia,Cobb,622,586,634,729,662
37159,North Carolina,Rowan,623,526,607,943,576
47157,Tennessee,Shelby,624,503,597,1025,389
5115,Arkansas,Pope,625,581,571,758,853
12101,Florida,Pasco,626,571,601,723,557
18039,Indiana,Elkhart,627,562,548,798,906
51059,Virginia,Fairfax,628,513,530,333,763
40019,Oklahoma,Carter,629,553,1048,846,56
20169,Kansas,Saline,630,668,673,611,616
39051,Ohio,Fulton,631,595,744,828,627
18085,Indiana,Kosciusko,632,696,675,264,302
34023,New Jersey,Middlesex,633,619,573,684,1015
40081,Oklahoma,Lincoln,634,632,508,672,1172
54099,West Virginia,Wayne,635,687,557,422,1088
42085,Pennsylvania,Mercer,636,650,651,666,641
35013,New Mexico,Dona Ana,637,605,661,736,143
13009,Georgia,Baldwin,638,640,564,688,1041
48329,Texas,Midland,639,540,648,984,842
1109,Alabama,Pike,640,638,609,558,663
18091,Indiana,LaPorte,641,766,756,472,586
53021,Washington,Franklin,642,647,606,681,972
12105,Florida,Polk,643,667,669,640,298
36103,New York,Suffolk,644,677,670,350,118
45063,South Carolina,Lexington,645,700,740,389,615
39089,Ohio,Licking,646,644,576,716,1075
39061,Ohio,Hamilton,647,631,680,708,369
18059,Indiana,Hancock,648,658,623,621,987
29021,Missouri,Buchanan,649,611,641,767,666
18167,Indiana,Vigo,650,565,591,963,875
21151,Kentucky,Madison,651,676,647,572,390
40115,Oklahoma,Ottawa,652,582,501,931,1206
5119,Arkansas,Pulaski,653,666,735,669,370
8005,Colorado,Arapahoe,654,673,716,532,647
48097,Texas,Cooke,655,779,973,576,507
12019,Florida,Clay,656,625,626,718,783
26091,Michigan,Lenawee,657,741,644,318,513
12127,Florida,Volusia,658,742,741,417,70
35001,New Mexico,Bernalillo,659,649,727,679,150
44007,Rhode Island,Providence,660,654,663,697,435
18099,Indiana,Marshall,661,626,725,826,675
54061,West Virginia,Monongalia,662,630,586,689,862
13175,Georgia,Laurens,663,446,752,1160,923
18003,Indiana,Allen,664,659,646,649,566
37157,North Carolina,Rockingham,665,598,602,925,869
48325,Texas,Medina,666,689,692,632,721
41019,Oregon,Douglas,667,599,722,914,244
39173,Ohio,Wood,668,576,568,1005,1128
53035,Washington,Kitsap,669,635,685,824,268
36045,New York,Jefferson,670,699,664,673,658
42043,Pennsylvania,Dauphin,671,710,792,622,232
47167,Tennessee,Tipton,672,606,683,893,470
40097,Oklahoma,Mayes,673,757,726,663,684
45059,South Carolina,Laurens,674,712,887,519,209
25009,Massachusetts,Essex,675,656,688,764,564
29051,Missouri,Cole,676,857,830,473,142
42009,Pennsylvania,Bedford,677,715,643,704,1024
34035,New Jersey,Somerset,678,754,603,388,1124
21211,Kentucky,Shelby,679,873,877,276,359
12031,Florida,Duval,680,671,721,731,344
42103,Pennsylvania,Pike,681,846,800,273,550
16019,Idaho,Bonneville,682,681,619,805,1080
54045,West Virginia,Logan,683,762,665,520,773
56021,Wyoming,Laramie,684,722,885,692,124
45003,South Carolina,Aiken,685,637,743,856,491
42041,Pennsylvania,Cumberland,686,709,728,595,679
51001,Virginia,Accomack,687,799,639,574,1066
37141,North Carolina,Pender,688,690,684,786,814
8077,Colorado,Mesa,689,784,788,287,66
37035,North Carolina,Catawba,690,795,754,95,193
10005,Delaware,Sussex,691,987,900,48,81
41033,Oregon,Josephine,692,718,709,427,458
48139,Texas,Ellis,693,603,777,1030,514
16005,Idaho,Bannock,694,685,642,668,452
6069,California,San Benito,695,618,599,983,1143
39169,Ohio,Wayne,696,770,698,474,629
19193,Iowa,Woodbury,697,672,638,680,934
12035,Florida,Flagler,698,616,738,996,512
6113,California,Yolo,699,737,774,559,551
31119,Nebraska,Madison,700,610,629,1021,1049
40021,Oklahoma,Cherokee,701,613,596,1017,1162
36057,New York,Montgomery,702,735,620,381,1092
36055,New York,Monroe,703,663,652,810,477
6039,California,Madera,704,732,693,598,854
53027,Washington,Grays Harbor,705,781,713,488,463
19155,Iowa,Pottawattamie,706,662,632,912,1110
26159,Michigan,Van Buren,707,791,787,639,579
13077,Georgia,Coweta,708,749,690,643,861
26045,Michigan,Eaton,709,643,615,944,1135
13207,Georgia,Monroe,710,629,583,998,1188
21117,Kentucky,Kenton,711,777,763,421,709
25023,Massachusetts,Plymouth,712,778,704,309,711
4019,Arizona,Pima,713,686,723,751,77
17119,Illinois,Madison,714,622,666,1016,911
18097,Indiana,Marion,715,746,748,571,459
37063,North Carolina,Durham,716,798,842,581,464
34009,New Jersey,Cape May,717,825,771,157,462
54039,West Virginia,Kanawha,718,698,760,789,473
28071,Mississippi,Lafayette,719,748,654,585,883
39133,Ohio,Portage,720,675,659,855,998
18033,Indiana,DeKalb,721,678,691,909,960
6065,California,Riverside,722,753,731,502,311
42089,Pennsylvania,Monroe,723,738,755,709,608
37071,North Carolina,Gaston,724,695,820,813,141
51179,Virginia,Stafford,725,634,656,1026,1076
39045,Ohio,Fairfield,726,669,689,889,851
53011,Washington,Clark,727,670,682,860,288
36019,New York,Clinton,728,763,667,408,963
22079,Louisiana,Rapides,729,623,782,1073,303
29169,Missouri,Pulaski,730,734,677,782,929
36053,New York,Madison,731,794,694,365,730
1083,Alabama,Limestone,732,601,624,1103,1166
5091,Arkansas,Miller,733,593,509,1120,1236
48029,Texas,Bexar,734,703,686,755,448
55079,Wisconsin,Milwaukee,735,723,742,674,202
32510,Nevada,Carson City,736,793,888,644,365
28109,Mississippi,Pearl River,737,729,719,754,863
20173,Kansas,Sedgwick,738,665,671,973,505
54079,West Virginia,Putnam,739,683,604,906,1202
17089,Illinois,Kane,740,707,780,806,671
56005,Wyoming,Campbell,741,608,616,1139,1173
25027,Massachusetts,Worcester,742,691,708,896,660
26115,Michigan,Monroe,743,727,700,792,1027
42097,Pennsylvania,Northumberland,744,594,630,1159,1159
55059,Wisconsin,Kenosha,745,693,699,871,908
6021,California,Glenn,746,704,718,916,518
20015,Kansas,Butler,747,713,705,849,917
39153,Ohio,Summit,748,716,712,772,731
42075,Pennsylvania,Lebanon,749,717,781,724,417
38101,North Dakota,Ward,750,789,751,370,646
13015,Georgia,Bartow,751,883,814,353,372
17179,Illinois,Tazewell,752,702,753,858,956
1071,Alabama,Jackson,753,765,678,429,982
39021,Ohio,Champaign,754,775,724,430,1013
31179,Nebraska,Wayne,755,714,635,676,1147
48257,Texas,Kaufman,756,692,653,935,1114
48451,Texas,Tom Green,757,627,706,1147,596
26065,Michigan,Ingham,758,750,681,733,1026
39127,Ohio,Perry,759,597,610,1168,1214
36083,New York,Rensselaer,760,694,895,937,748
34041,New Jersey,Warren,761,804,822,627,784
48439,Texas,Tarrant,762,782,775,607,496
36011,New York,Cayuga,763,892,786,226,591
5093,Arkansas,Mississippi,764,645,711,1141,943
9003,Connecticut,Hartford,765,786,817,653,299
37047,North Carolina,Columbus,766,745,715,853,702
13103,Georgia,Effingham,767,759,745,604,309
39091,Ohio,Logan,768,832,903,646,499
48251,Texas,Johnson,769,780,730,781,1046
36005,New York,Bronx,770,845,764,580,988
51143,Virginia,Pittsylvania,771,917,662,277,1171
1073,Alabama,Jefferson,772,817,832,655,346
51031,Virginia,Campbell,773,811,833,790,593
13157,Georgia,Jackson,774,648,791,1124,544
25005,Massachusetts,Bristol,775,767,769,779,868
1039,Alabama,Covington,776,636,759,1216,252
4003,Arizona,Cochise,777,842,966,748,128
39057,Ohio,Greene,778,797,785,629,769
20125,Kansas,Montgomery,779,720,805,929,366
36065,New York,Oneida,780,758,707,721,753
26157,Michigan,Tuscola,781,847,658,262,1185
13145,Georgia,Harris,782,828,618,455,1217
18127,Indiana,Porter,783,836,818,460,426
53077,Washington,Yakima,784,726,710,899,691
39113,Ohio,Montgomery,785,752,803,807,466
40125,Oklahoma,Pottawatomie,786,806,795,631,560
48061,Texas,Cameron,787,682,695,1110,742
17141,Illinois,Ogle,788,787,784,815,914
9015,Connecticut,Windham,789,871,783,316,654
39059,Ohio,Guernsey,790,721,734,975,992
48113,Texas,Dallas,791,790,801,694,595
48167,Texas,Galveston,792,862,849,575,558
37077,North Carolina,Granville,793,655,810,1171,687
34003,New Jersey,Bergen,794,880,799,459,896
13135,Georgia,Gwinnett,795,739,827,946,498
40051,Oklahoma,Grady,796,788,736,784,1039
42005,Pennsylvania,Armstrong,797,760,749,905,1084
20035,Kansas,Cowley,798,733,797,961,554
48273,Texas,Kleberg,799,688,701,1131,1021
51061,Virginia,Fauquier,800,980,858,132,630
42021,Pennsylvania,Cambria,801,772,772,867,543
53025,Washington,Grant,802,907,874,547,131
13211,Georgia,Morgan,803,848,838,769,817
48215,Texas,Hidalgo,804,755,739,950,604
20113,Kansas,McPherson,805,868,811,738,648
6071,California,San Bernardino,806,822,826,753,485
42107,Pennsylvania,Schuylkill,807,800,863,864,598
36023,New York,Cortland,808,768,733,971,1094
39145,Ohio,Scioto,809,556,533,1246,1262
39039,Ohio,Defiance,810,664,766,1186,1028
18067,Indiana,Howard,811,761,758,954,874
26149,Michigan,St. Joseph,812,771,750,927,999
54107,West Virginia,Wood,813,802,802,841,749
22071,Louisiana,Orleans,814,1032,893,285,443
28067,Mississippi,Jones,815,725,717,1104,1194
47113,Tennessee,Madison,816,894,902,578,617
42073,Pennsylvania,Lawrence,817,785,720,936,1125
55031,Wisconsin,Douglas,818,796,790,727,352
48227,Texas,Howard,819,810,1056,947,320
17019,Illinois,Champaign,820,840,907,774,301
40047,Oklahoma,Garfield,821,921,1065,567,158
48141,Texas,El Paso,822,950,850,419,274
26077,Michigan,Kalamazoo,823,812,770,861,895
36071,New York,Orange,824,889,841,659,751
39005,Ohio,Ashland,825,1019,835,172,893
37191,North Carolina,Wayne,826,747,767,1095,1090
5139,Arkansas,Union,827,809,1046,985,50
37061,North Carolina,Duplin,828,728,857,1112,845
45091,South Carolina,York,829,824,840,863,538
48223,Texas,Hopkins,830,674,815,1193,849
48039,Texas,Brazoria,831,833,729,832,1182
5019,Arkansas,Clark,832,756,746,1074,1098
48277,Texas,Lamar,833,719,878,1129,444
17121,Illinois,Marion,834,633,864,1207,429
39085,Ohio,Lake,835,820,789,814,918
6077,California,San Joaquin,836,808,813,918,590
13295,Georgia,Walker,837,931,1019,609,228
12111,Florida,St. Lucie,838,819,834,949,848
39119,Ohio,Muskingum,839,867,844,722,521
23017,Maine,Oxford,840,959,950,515,612
18163,Indiana,Vanderburgh,841,764,804,1070,569
1123,Alabama,Tallapoosa,842,961,944,328,410
26121,Michigan,Muskegon,843,878,859,633,307
36067,New York,Onondaga,844,877,812,564,609
51089,Virginia,Henry,845,971,765,560,1156
51047,Virginia,Culpeper,846,843,768,854,1040
13073,Georgia,Columbia,847,853,773,732,1158
6019,California,Fresno,848,844,796,744,632
48133,Texas,Eastland,849,827,737,876,1203
53053,Washington,Pierce,850,866,839,635,222
51041,Virginia,Chesterfield,851,829,816,895,950
6115,California,Yuba,852,823,871,989,743
47025,Tennessee,Claiborne,853,915,798,219,907
55105,Wisconsin,Rock,854,831,894,907,310
45081,South Carolina,Saluda,855,905,947,324,420
48499,Texas,Wood,856,814,906,1002,235
47115,Tennessee,Marion,857,1056,936,242,989
42037,Pennsylvania,Columbia,858,904,869,561,213
24035,Maryland,Queen Anne's,859,908,886,616,912
36001,New York,Albany,860,870,868,765,754
34007,New Jersey,Camden,861,930,847,491,981
37081,North Carolina,Guilford,862,854,846,785,519
27059,Minnesota,Isanti,863,803,714,1050,1224
36085,New York,Richmond,864,974,809,186,811
34005,New Jersey,Burlington,865,830,856,978,890
37067,North Carolina,Forsyth,866,792,889,1079,409
29143,Missouri,New Madrid,867,818,794,1031,1163
45055,South Carolina,Kershaw,868,807,982,1069,371
47017,Tennessee,Carroll,869,801,862,1078,354
45001,South Carolina,Abbeville,870,773,761,1132,1196
48135,Texas,Ector,871,835,829,959,835
29113,Missouri,Lincoln,872,895,969,706,241
20175,Kansas,Seward,873,731,855,1205,536
21073,Kentucky,Franklin,874,1003,961,451,414
28087,Mississippi,Lowndes,875,815,901,1063,655
34015,New Jersey,Gloucester,876,850,793,845,1101
37147,North Carolina,Pitt,877,839,776,945,1140
26023,Michigan,Branch,878,919,837,357,977
39081,Ohio,Jefferson,879,874,879,894,1020
6095,California,Solano,880,856,828,882,774
54011,West Virginia,Cabell,881,859,854,812,850
17073,Illinois,Henry,882,888,762,698,1204
36013,New York,Chautauqua,883,876,823,693,781
39077,Ohio,Huron,884,887,851,818,1019
42125,Pennsylvania,Washington,885,902,970,757,587
6007,California,Butte,886,875,821,725,885
4027,Arizona,Yuma,887,813,845,1088,208
12023,Florida,Columbia,888,863,891,972,888
21029,Kentucky,Bullitt,889,837,836,1022,1136
1055,Alabama,Etowah,890,1018,880,295,820
6107,California,Tulare,891,891,873,683,265
36015,New York,Chemung,892,851,890,1051,542
24039,Maryland,Somerset,893,855,819,730,818
18035,Indiana,Delaware,894,858,831,939,803
34001,New Jersey,Atlantic,895,881,870,881,904
13063,Georgia,Clayton,896,1044,1190,749,642
13089,Georgia,DeKalb,897,906,1035,890,720
48021,Texas,Bastrop,898,954,924,699,808
39171,Ohio,Williams,899,916,949,657,717
18089,Indiana,Lake,900,897,913,883,846
12091,Florida,Okaloosa,901,926,991,892,255
45071,South Carolina,Newberry,902,864,1129,1020,99
35015,New Mexico,Eddy,903,869,1147,953,3
40139,Oklahoma,Texas,904,849,807,1055,1179
36017,New York,Chenango,905,861,843,1101,1210
13039,Georgia,Camden,906,933,925,771,828
51750,Virginia,Radford,907,860,806,955,1117
36069,New York,Ontario,908,1062,978,248,787
17161,Illinois,Rock Island,909,882,882,940,866
26059,Michigan,Hillsdale,910,885,860,966,985
48217,Texas,Hill,911,1073,1096,464,799
24025,Maryland,Harford,912,903,883,834,798
24029,Maryland,Kent,913,942,896,156,433
39043,Ohio,Erie,914,990,918,557,979
48055,Texas,Caldwell,915,940,945,924,990
48027,Texas,Bell,916,900,963,932,438
39147,Ohio,Seneca,917,865,779,1058,1243
20079,Kansas,Harvey,918,1001,909,360,859
24043,Maryland,Washington,919,898,959,1013,779
45041,South Carolina,Florence,920,841,975,1148,578
12003,Florida,Baker,921,909,861,839,1054
48013,Texas,Atascosa,922,886,995,1061,891
9009,Connecticut,New Haven,923,934,923,787,471
10003,Delaware,New Castle,924,901,922,977,436
54033,West Virginia,Harrison,925,838,1086,1174,446
26027,Michigan,Cass,926,986,933,479,755
40079,Oklahoma,Le Flore,927,943,905,656,497
6101,California,Sutter,928,834,927,1166,847
48005,Texas,Angelina,929,899,952,1041,626
6099,California,Stanislaus,930,893,920,976,600
19139,Iowa,Muscatine,931,964,853,183,1120
39099,Ohio,Mahoning,932,884,898,1072,970
24015,Maryland,Cecil,933,1031,1025,480,425
48493,Texas,Wilson,934,740,866,1236,1146
51153,Virginia,Prince William,935,966,912,780,957
39155,Ohio,Trumbull,936,928,872,796,1033
20057,Kansas,Ford,937,911,948,1034,821
48213,Texas,Henderson,938,826,941,1185,945
51199,Virginia,York,939,1027,1013,544,806
39065,Ohio,Hardin,940,941,881,760,1035
54037,West Virginia,Jefferson,941,994,1034,686,381
22055,Louisiana,Lafayette,942,913,865,993,1144
42035,Pennsylvania,Clinton,943,938,884,852,1047
42117,Pennsylvania,Tioga,944,936,1044,714,455
13297,Georgia,Walton,945,937,899,866,973
28083,Mississippi,Leflore,946,805,911,1200,831
12033,Florida,Escambia,947,953,987,842,243
48479,Texas,Webb,948,852,928,1173,758
48471,Texas,Walker,949,929,876,917,939
26025,Michigan,Calhoun,950,952,921,965,1060
1125,Alabama,Tuscaloosa,951,925,917,986,611
45057,South Carolina,Lancaster,952,923,967,957,502
36099,New York,Seneca,953,1064,929,254,1121
47001,Tennessee,Anderson,954,946,956,968,967
36025,New York,Delaware,955,1029,994,582,744
37195,North Carolina,Wilson,956,927,931,1046,941
24003,Maryland,Anne Arundel,957,998,1011,743,704
40101,Oklahoma,Muskogee,958,774,1031,1222,270
12015,Florida,Charlotte,959,1017,1101,794,594
38055,North Dakota,McLean,960,922,904,844,870
37133,North Carolina,Onslow,961,944,942,990,529
45079,South Carolina,Richland,962,982,1016,822,449
18095,Indiana,Madison,963,983,953,759,637
48355,Texas,Nueces,964,963,946,847,484
6047,California,Merced,965,939,930,1053,829
39109,Ohio,Miami,966,1007,1020,840,764
48347,Texas,Nacogdoches,967,949,892,837,980
48157,Texas,Fort Bend,968,947,934,1047,1127
48177,Texas,Gonzales,969,920,926,1117,1154
48401,Texas,Rusk,970,1042,914,650,1165
45075,South Carolina,Orangeburg,971,890,1079,1176,287
42081,Pennsylvania,Lycoming,972,1008,985,799,607
37069,North Carolina,Franklin,973,751,962,1245,729
26147,Michigan,St. Clair,974,924,943,1085,649
45007,South Carolina,Anderson,975,960,915,964,1134
36029,New York,Erie,976,935,910,1045,732
19187,Iowa,Webster,977,1012,1006,696,535
20099,Kansas,Labette,978,776,916,1240,1083
1001,Alabama,Autauga,979,951,867,1024,1220
13185,Georgia,Lowndes,980,962,960,969,638
39015,Ohio,Brown,981,988,932,877,1153
45083,South Carolina,Spartanburg,982,995,808,830,1252
24005,Maryland,Baltimore,983,1251,1249,821,610
51550,Virginia,Chesapeake,984,965,875,1006,1221
51177,Virginia,Spotsylvania,985,968,908,1032,1186
22075,Louisiana,Plaquemines,986,967,852,1122,1234
45015,South Carolina,Berkeley,987,1026,1001,690,716
17203,Illinois,Woodford,988,872,958,1206,1072
17201,Illinois,Winnebago,989,992,992,809,407
39029,Ohio,Columbiana,990,912,972,1161,810
51710,Virginia,Norfolk,991,945,979,1106,1016
42101,Pennsylvania,Philadelphia,992,1016,986,804,403
22019,Louisiana,Calcasieu,993,999,999,898,747
48481,Texas,Wharton,994,1015,976,735,905
28033,Mississippi,DeSoto,995,1049,1000,739,745
25013,Massachusetts,Hampden,996,984,951,838,520
45033,South Carolina,Dillon,997,1081,997,505,959
42049,Pennsylvania,Erie,998,996,935,637,416
48189,Texas,Hale,999,918,1033,1162,552
48187,Texas,Guadalupe,1000,978,957,1004,1063
54029,West Virginia,Hancock,1001,976,940,516,924
34013,New Jersey,Essex,1002,1050,1027,742,899
13215,Georgia,Muscogee,1003,948,1064,1130,525
6029,California,Kern,1004,970,984,1075,487
4021,Arizona,Pinal,1005,958,964,1094,826
28081,Mississippi,Lee,1006,1063,1032,550,547
42045,Pennsylvania,Delaware,1007,1013,988,859,1002
39151,Ohio,Stark,1008,989,971,888,694
39013,Ohio,Belmont,1009,977,1005,1082,996
35005,New Mexico,Chaves,1010,1043,1068,919,741
6025,California,Imperial,1011,957,993,1118,790
24017,Maryland,Charles,1012,914,954,1202,1058
39069,Ohio,Henry,1013,985,968,887,1085
42063,Pennsylvania,Indiana,1014,969,919,1056,1116
13013,Georgia,Barrow,1015,1130,1080,354,700
17077,Illinois,Jackson,1016,979,974,1068,500
17091,Illinois,Kankakee,1017,1004,1038,1007,778
47125,Tennessee,Montgomery,1018,955,1004,1152,511
34039,New Jersey,Union,1019,1022,1023,951,1068
36063,New York,Niagara,1020,1000,937,956,1137
10001,Delaware,Kent,1021,1101,1061,355,238
36035,New York,Fulton,1022,1041,998,930,819
18177,Indiana,Wayne,1023,975,1015,1143,306
20209,Kansas,Wyandotte,1024,1093,1161,584,247
48423,Texas,Smith,1025,1014,1053,1010,614
37105,North Carolina,Lee,1026,910,1055,1220,1029
26075,Michigan,Jackson,1027,972,980,1158,1059
17033,Illinois,Crawford,1028,1038,938,651,1190
48321,Texas,Matagorda,1029,736,983,1259,1119
39027,Ohio,Clinton,1030,1069,1029,746,1005
40037,Oklahoma,Creek,1031,1115,1071,573,1004
42065,Pennsylvania,Jefferson,1032,1036,1007,988,1109
48117,Texas,Deaf Smith,1033,956,965,1219,239
13127,Georgia,Glynn,1034,1088,1134,620,196
32007,Nevada,Elko,1035,1040,1003,1052,858
8001,Colorado,Adams,1036,1024,1024,991,961
39007,Ohio,Ashtabula,1037,981,955,1125,1108
17037,Illinois,DeKalb,1038,1025,1021,995,620
40083,Oklahoma,Logan,1039,1045,1112,922,688
22103,Louisiana,St. Tammany,1040,1047,1076,997,689
17163,Illinois,St. Clair,1041,1046,1036,970,898
26155,Michigan,Shiawassee,1042,997,1010,1093,1161
48485,Texas,Wichita,1043,1011,977,1062,871
1097,Alabama,Mobile,1044,1006,1012,1081,328
28073,Mississippi,Lamar,1045,1090,996,702,1209
24041,Maryland,Talbot,1046,1112,1164,606,577
26037,Michigan,Clinton,1047,1110,1028,509,1208
28059,Mississippi,Jackson,1048,1079,1045,670,838
19045,Iowa,Clinton,1049,1020,989,1044,1176
48025,Texas,Bee,1050,1005,1088,1142,792
45035,South Carolina,Dorchester,1051,1030,1050,992,920
28035,Mississippi,Forrest,1052,1037,1054,1014,879
26087,Michigan,Lapeer,1053,1009,981,1126,1129
26145,Michigan,Saginaw,1054,1028,1008,1027,1052
21047,Kentucky,Christian,1055,1023,939,1135,1237
40031,Oklahoma,Comanche,1056,973,1042,1204,503
39139,Ohio,Richland,1057,1010,1143,1134,230
40145,Oklahoma,Wagoner,1058,1033,1026,1133,1205
17197,Illinois,Will,1059,1060,1041,952,901
22051,Louisiana,Jefferson,1060,1067,1094,1019,1061
48459,Texas,Upshur,1061,1021,1040,1127,968
17115,Illinois,Macon,1062,1077,1091,967,206
51650,Virginia,Hampton,1063,1053,1043,1092,1111
39023,Ohio,Clark,1064,1051,1067,1036,740
37051,North Carolina,Cumberland,1065,1034,1037,1128,768
22001,Louisiana,Acadia,1066,1052,1069,1097,1167
26099,Michigan,Macomb,1067,1058,1022,1029,1057
45043,South Carolina,Georgetown,1068,1179,1166,554,248
40111,Oklahoma,Okmulgee,1069,1097,1103,1042,993
21093,Kentucky,Hardin,1070,1071,1009,1071,1198
45089,South Carolina,Williamsburg,1071,991,1070,1227,915
39095,Ohio,Lucas,1072,1035,1051,1154,827
22069,Louisiana,Natchitoches,1073,1048,1063,1146,969
1033,Alabama,Colbert,1074,1125,1100,548,761
24037,Maryland,St. Mary's,1075,1059,1082,1090,780
32019,Nevada,Lyon,1076,1068,1093,1033,368
13031,Georgia,Bulloch,1077,1057,1002,1086,1133
35061,New Mexico,Valencia,1078,1066,1060,1054,713
22115,Louisiana,Vernon,1079,1054,990,1149,1235
22109,Louisiana,Terrebonne,1080,1109,1017,750,1181
24011,Maryland,Caroline,1081,1039,1059,1170,1096
39011,Ohio,Auglaize,1082,1086,1049,817,1178
37049,North Carolina,Craven,1083,1070,1084,1096,955
13151,Georgia,Henry,1084,1076,1078,1077,1023
22047,Louisiana,Iberville,1085,993,1127,1225,1142
42051,Pennsylvania,Fayette,1086,1087,1057,862,1081
48255,Texas,Karnes,1087,1105,1066,695,1014
28113,Mississippi,Pike,1088,932,1119,1248,771
17029,Illinois,Coles,1089,1089,1074,999,767
28089,Mississippi,Madison,1090,1099,1110,915,1169
48373,Texas,Polk,1091,1121,1118,938,1077
22085,Louisiana,Sabine,1092,1061,1030,1175,1229
42007,Pennsylvania,Beaver,1093,1091,1039,982,1056
22101,Louisiana,St. Mary,1094,1055,1047,1195,1212
47123,Tennessee,Monroe,1095,1150,1106,364,756
26163,Michigan,Wayne,1096,1083,1102,1100,555
26049,Michigan,Genesee,1097,1084,1062,1091,894
1051,Alabama,Elmore,1098,1118,1072,823,1201
39003,Ohio,Allen,1099,1074,1075,1145,1138
5123,Arkansas,St. Francis,1100,1092,1099,910,752
13149,Georgia,Heard,1101,1098,1052,545,1017
1021,Alabama,Chilton,1102,1102,1141,960,635
51700,Virginia,Newport News,1103,1133,1115,850,1030
51127,Virginia,New Kent,1104,1143,1105,530,1115
51073,Virginia,Gloucester,1105,1142,1014,645,1246
48201,Texas,Harris,1106,1100,1092,1043,800
22057,Louisiana,Lafourche,1107,1119,1085,1057,1207
24019,Maryland,Dorchester,1108,1085,1140,1165,938
48037,Texas,Bowie,1109,1078,1158,1189,777
22045,Louisiana,Iberia,1110,1065,1128,1208,930
35025,New Mexico,Lea,1111,1080,1107,1169,706
39143,Ohio,Sandusky,1112,1108,1073,1067,1168
1121,Alabama,Talladega,1113,1134,1163,1066,978
1079,Alabama,Lawrence,1114,1141,1113,514,815
48099,Texas,Coryell,1115,1104,1114,1121,812
48409,Texas,San Patricio,1116,1123,1090,1099,1175
18113,Indiana,Noble,1117,1113,1087,1012,1132
48231,Texas,Hunt,1118,1129,1098,884,1145
6031,California,Kings,1119,1075,1081,1212,1118
32001,Nevada,Churchill,1120,1082,1083,1188,937
45023,South Carolina,Chester,1121,1149,1173,848,634
22017,Louisiana,Caddo,1122,1106,1152,1137,692
39035,Ohio,Cuyahoga,1123,1122,1121,994,722
19127,Iowa,Marshall,1124,1152,1167,878,427
26017,Michigan,Bay,1125,1127,1104,1049,1067
48291,Texas,Liberty,1126,1215,1058,400,1239
13255,Georgia,Spalding,1127,1131,1116,820,1011
13223,Georgia,Paulding,1128,1185,649,232,1263
6011,California,Colusa,1129,1111,1108,1144,1091
42059,Pennsylvania,Greene,1130,1117,1138,1115,1126
51033,Virginia,Caroline,1131,1072,1187,1221,839
22093,Louisiana,St. James,1132,1107,1095,1178,1219
13247,Georgia,Rockdale,1133,1103,1122,1191,1180
36117,New York,Wayne,1134,1136,1153,1080,534
13153,Georgia,Houston,1135,1114,1124,1157,1001
51133,Virginia,Northumberland,1136,1095,1089,1229,1231
13233,Georgia,Polk,1137,1120,1111,1008,949
1017,Alabama,Chambers,1138,1180,1132,619,1032
39093,Ohio,Lorain,1139,1138,1109,869,1053
1053,Alabama,Escambia,1140,1174,1157,618,965
13285,Georgia,Troup,1141,1002,1018,1252,1253
51570,Virginia,Colonial Heights,1142,1126,897,1151,1258
24009,Maryland,Calvert,1143,1140,1126,911,735
13045,Georgia,Carroll,1144,1156,1117,703,1104
31043,Nebraska,Dakota,1145,1135,1097,1001,1228
48199,Texas,Hardin,1146,1167,1125,791,1043
48427,Texas,Starr,1147,1124,1077,1136,1247
29195,Missouri,Saline,1148,1165,1149,717,283
24001,Maryland,Allegany,1149,1139,1135,979,480
34031,New Jersey,Passaic,1150,1157,1137,873,1089
17107,Illinois,Logan,1151,1178,1168,623,697
37139,North Carolina,Pasquotank,1152,1116,1148,1201,217
13225,Georgia,Peach,1153,1128,1177,1181,836
20061,Kansas,Geary,1154,1161,1133,770,1149
18103,Indiana,Miami,1155,1172,1131,446,1074
51093,Virginia,Isle of Wight,1156,1147,1130,1048,1174
41059,Oregon,Umatilla,1157,1096,1142,1237,932
36089,New York,St. Lawrence,1158,1160,1146,797,138
22097,Louisiana,St. Landry,1159,1151,1123,1065,1230
40133,Oklahoma,Seminole,1160,1144,1172,1083,383
45047,South Carolina,Greenwood,1161,1146,1150,1087,962
26151,Michigan,Sanilac,1162,1205,1188,341,422
18083,Indiana,Knox,1163,1132,1165,1211,856
48241,Texas,Jasper,1164,1153,1202,1119,474
17109,Illinois,McDonough,1165,1094,1120,1250,1189
13217,Georgia,Newton,1166,1171,1155,1038,1087
22089,Louisiana,St. Charles,1167,1204,1186,737,1164
48163,Texas,Frio,1168,1145,1183,1113,1078
37127,North Carolina,Nash,1169,1182,1179,1028,1031
13245,Georgia,Richmond,1170,1148,1196,1167,824
21177,Kentucky,Muhlenberg,1171,1158,1156,1102,734
45085,South Carolina,Sumter,1172,1137,1154,1228,1071
22105,Louisiana,Tangipahoa,1173,1154,1139,1150,1200
22061,Louisiana,Lincoln,1174,1163,1144,1108,1130
28047,Mississippi,Harrison,1175,1190,1193,926,633
17143,Illinois,Peoria,1176,1201,1185,897,698
22033,Louisiana,East Baton Rouge,1177,1162,1181,1172,878
34033,New Jersey,Salem,1178,1193,1175,1000,1187
51800,Virginia,Suffolk,1179,1188,1159,974,1225
48203,Texas,Harrison,1180,1198,1170,980,1192
13021,Georgia,Bibb,1181,1176,1200,1089,517
38079,North Dakota,Rolette,1182,1155,1145,1224,1139
45009,South Carolina,Bamberg,1183,1169,1162,1153,405
54057,West Virginia,Mineral,1184,1168,1136,1197,1250
48477,Texas,Washington,1185,1211,1208,518,334
22005,Louisiana,Ascension,1186,1191,1198,1155,1131
48361,Texas,Orange,1187,1164,1174,1231,1170
13097,Georgia,Douglas,1188,1206,1197,1023,1086
48245,Texas,Jefferson,1189,1175,1184,1210,1099
13179,Georgia,Liberty,1190,1203,1189,1084,760
17183,Illinois,Vermilion,1191,1181,1169,1192,796
28049,Mississippi,Hinds,1192,1195,1194,1140,825
51149,Virginia,Prince George,1193,1194,1171,1180,1232
48249,Texas,Jim Wells,1194,1183,1178,1183,1155
37155,North Carolina,Robeson,1195,1184,1176,1203,1191
48071,Texas,Chambers,1196,1177,1192,1223,1216
13279,Georgia,Toombs,1197,1170,1151,1241,1251
22113,Louisiana,Vermilion,1198,1199,1191,1107,1223
24033,Maryland,Prince George's,1199,1202,1199,1138,1082
45031,South Carolina,Darlington,1200,1187,1195,1215,1141
48469,Texas,Victoria,1201,1192,1182,1179,1107
47085,Tennessee,Humphreys,1202,1207,1203,1064,1152
28075,Mississippi,Lauderdale,1203,1196,1211,1156,440
13095,Georgia,Dougherty,1204,1173,1204,1244,669
51683,Virginia,Manassas,1205,1212,1215,819,834
45067,South Carolina,Marion,1206,1166,1160,1243,1254
22121,Louisiana,West Baton Rouge,1207,1221,1210,928,1211
13069,Georgia,Coffee,1208,1200,1180,1196,1248
51730,Virginia,Petersburg,1209,1209,1201,1190,1222
29201,Missouri,Scott,1210,1238,1234,398,664
28151,Mississippi,Washington,1211,1197,1205,1230,877
45025,South Carolina,Chesterfield,1212,1224,1241,379,323
13261,Georgia,Sumter,1213,1186,1206,1254,1048
48349,Texas,Navarro,1214,1213,1207,1199,1195
28011,Mississippi,Bolivar,1215,1231,1219,870,1184
5059,Arkansas,Hot Spring,1216,1218,1228,1011,966
48161,Texas,Freestone,1217,1232,1214,712,1177
22117,Louisiana,Washington,1218,1189,1233,1255,1012
37091,North Carolina,Hertford,1219,1159,1209,1263,1042
45061,South Carolina,Lee,1220,1219,1222,891,860
51137,Virginia,Orange,1221,1235,1225,981,916
48293,Texas,Limestone,1222,1208,1213,1256,1244
37017,North Carolina,Bladen,1223,1217,1212,1213,1097
22095,Louisiana,St. John the Baptist,1224,1230,1216,1164,1226
22073,Louisiana,Ouachita,1225,1227,1218,1177,984
37065,North Carolina,Edgecombe,1226,1216,1220,1247,1215
36043,New York,Herkimer,1227,1239,1217,608,1240
22111,Louisiana,Union,1228,1220,1221,1194,1095
13171,Georgia,Lamar,1229,1223,1224,1232,1122
45087,South Carolina,Union,1230,1214,1235,1258,651
34011,New Jersey,Cumberland,1231,1222,1231,1239,1007
37163,North Carolina,Sampson,1232,1240,1232,1098,954
5035,Arkansas,Crittenden,1233,1247,1255,833,361
22087,Louisiana,St. Bernard,1234,1226,1223,1226,1238
51590,Virginia,Danville,1235,1210,1242,1261,1009
22099,Louisiana,St. Martin,1236,1246,1247,948,1022
51053,Virginia,Dinwiddie,1237,1233,1229,1235,1241
1047,Alabama,Dallas,1238,1241,1246,1040,584
55101,Wisconsin,Racine,1239,1228,1236,1249,581
45029,South Carolina,Colleton,1240,1237,1238,1218,1105
5069,Arkansas,Jefferson,1241,1245,1253,1198,801
48473,Texas,Waller,1242,1234,1230,1251,1256
29155,Missouri,Pemiscot,1243,1243,1227,1217,1260
37093,North Carolina,Hoke,1244,1242,1226,1238,1261
13275,Georgia,Thomas,1245,1248,1244,920,1051
13107,Georgia,Emanuel,1246,1225,1240,1257,1112
9011,Connecticut,New London,1247,1256,1250,625,249
48001,Texas,Anderson,1248,1236,1237,1253,1249
22065,Louisiana,Madison,1249,1244,1243,1187,1160
28021,Mississippi,Claiborne,1250,1229,1245,1262,1157
13049,Georgia,Charlton,1251,1250,1239,592,1218
1101,Alabama,Montgomery,1252,1249,1251,1214,832
37079,North Carolina,Greene,1253,1253,1258,1182,530
41051,Oregon,Multnomah,1254,1260,1260,146,198
12039,Florida,Gadsden,1255,1255,1257,1242,1242
45027,South Carolina,Clarendon,1256,1252,1248,1209,1257
1087,Alabama,Macon,1257,1258,1256,1009,1213
51740,Virginia,Portsmouth,1258,1254,1252,1234,1233
22007,Louisiana,Assumption,1259,1257,1254,1233,1259
37107,North Carolina,Lenoir,1260,1259,1259,827,946
37083,North Carolina,Halifax,1261,1262,1262,1116,1037
22003,Louisiana,Allen,1262,1261,1261,874,1183
51065,Virginia,Fluvanna,1263,1263,1263,843,527